title,description,category
React Website Development,I will create a modern responsive website using React and Node.js with database integration,Development
Logo Design Professional,I will design a unique professional logo for your brand with 3 revisions included,Design
SEO Optimization Complete,I will optimize your website for search engines with technical audit and content strategy,Marketing
WordPress Custom Site,I will create a custom WordPress website with premium theme and optimized plugins,Development
Social Media Strategy,I will create a complete social media strategy with editorial calendar and KPIs,Marketing
Blog Article Writing,I will write SEO optimized blog articles in your niche 500 words minimum quality,Writing
Flyer Design Event,I will design an attractive flyer for your event A4 format print ready files,Design
Mobile App iOS Swift,I will develop a native iOS application using Swift with REST API integration,Development
Video Editing YouTube,I will edit your YouTube videos with transitions effects and royalty-free music,Video
Brand Identity Complete,I will create your complete brand identity logo colors typography guidelines,Design
E-commerce Website,I will build a complete e-commerce website with shopping cart and payment gateway,Development
Email Marketing Campaign,I will create and manage your email marketing campaign with Mailchimp automation,Marketing
Technical Documentation,I will write comprehensive technical documentation for your software or API,Writing
Product Photography,I will take professional product photos with editing and retouching included,Design
JavaScript Development,I will develop custom JavaScript functionality for your web application,Development
Content Marketing Plan,I will create a 6-month content marketing strategy with topics and schedule,Marketing
Copywriting Sales Page,I will write persuasive sales copy that converts visitors into customers,Writing
Explainer Video Animation,I will create an animated explainer video whiteboard style 90 seconds,Video
Business Card Design,I will design elegant business cards double-sided with print-ready files,Design
Python Programming Script,I will write Python scripts for automation data processing or web scraping,Development
Facebook Ads Campaign,I will create and manage Facebook advertising campaigns with targeting optimization,Marketing
Proofreading English Text,I will proofread and edit your English texts grammar spelling style,Writing
Motion Graphics Video,I will create professional motion graphics animations for your video content,Video
T-shirt Design Creative,I will design original creative t-shirt graphics vector high resolution,Design
Node.js API Backend,I will develop a secure REST API using Node.js Express and MongoDB database,Development
Instagram Growth Strategy,I will create an Instagram strategy to grow your followers organically,Marketing
Article Writing Research,I will write well-researched articles on any topic with references cited,Writing
Promotional Video 60sec,I will create an impactful 60-second promotional video for your product,Video
Packaging Design Product,I will design attractive product packaging with mockups and print files,Design
Vue.js Frontend Development,I will create a modern user interface with Vue.js Vuex and responsive design,Development
Google Ads Management,I will manage your Google Ads campaigns with ROI optimization and reporting,Marketing
Ghostwriting eBook,I will write your eBook on any subject minimum 10000 words professional quality,Writing
Video Production Corporate,I will produce a professional corporate video to present your company,Video
Menu Restaurant Design,I will create an elegant restaurant menu design A3 format and digital version,Design
Django Web Application,I will develop a web application using Django Python with PostgreSQL database,Development
LinkedIn B2B Campaign,I will create and manage LinkedIn Ads campaigns for B2B lead generation,Marketing
Newsletter Writing Monthly,I will write your monthly professional newsletter engaging and conversion-focused,Writing
Testimonial Video Production,I will film and edit professional customer testimonial videos impactful,Video
UI UX Interface Redesign,I will redesign your user interface modern ergonomic and user-friendly,Design
GraphQL API Development,I will create a performant GraphQL API with Apollo Server and subscriptions,Development
TikTok Viral Strategy,I will create a complete TikTok strategy to make your content go viral,Marketing
Speech Writing Public,I will write a powerful speech for your public presentation or event,Writing
3D Logo Animation,I will animate your logo with 3D effects for professional video intro,Video
Label Sticker Design,I will create attractive product labels and stickers conforming to print standards,Design
React Native Mobile App,I will develop a cross-platform mobile app with React Native for iOS Android,Development
Retargeting Campaign Setup,I will set up Facebook retargeting campaign with pixel and custom audiences,Marketing
Website Translation Multi,I will translate your website multilingual French English Spanish German,Writing
Drone Aerial Video 4K,I will film aerial footage with 4K drone for your projects landscapes,Video
3D Product Mockup Realistic,I will create realistic 3D mockups of your products for marketing materials,Design
Progressive Web App PWA,I will develop a modern PWA with service workers and offline functionality,Development
Competitor Analysis Report,I will analyze your competitors and identify market opportunities strategic,Marketing
Pitch Deck Investors,I will write a convincing pitch deck presentation to raise funds from investors,Writing
E-learning Tutorial Video,I will create e-learning tutorial videos with pedagogical animations,Video
PowerPoint Presentation Pro,I will create a professional impactful PowerPoint presentation design,Design
Laravel PHP Application,I will develop a complete web application using Laravel PHP framework,Development
Growth Hacking Strategy,I will implement a growth hacking strategy to accelerate your startup growth,Marketing
SEO Blog Articles Pack,I will write 10 SEO optimized articles for your thematic niche blog,Writing
TikTok Ads Creative,I will create viral video advertisements optimized for TikTok young audience,Video
Character Illustration Comic,I will create character illustrations for your comic book or video game,Design
Microservices Architecture,I will architect your system in microservices Docker Kubernetes cloud native,Development
Instagram Influencer Marketing,I will create an influencer marketing campaign with micro-influencers targeted,Marketing
Short Film Screenplay,I will write the screenplay for your short film fiction documentary or commercial,Writing
Podcast Audio Editing,I will edit your podcast audio professional quality noise reduction mixing,Video
Infographic Data Visual,I will create an attractive informative infographic to present your data visually,Design
Spring Boot Microservice,I will develop microservices with Spring Boot REST API and service discovery,Development
Email Automation Sequence,I will set up automated email sequences with personalization and segmentation,Marketing
Press Release Writing,I will write a professional press release for your product launch or event,Writing
Music Video Production,I will produce a creative music video clip with special effects and editing,Video
Website Banner Design,I will design website banners and headers responsive all screen sizes,Design
Full Stack MERN Developer,I will develop full stack application MERN MongoDB Express React Node complete,Development
Content Calendar Social,I will create a 3-month content calendar for all your social media platforms,Marketing
Technical Writing Manual,I will write user manuals and technical guides clear and comprehensive,Writing
Animated Explainer Video,I will create an animated explainer video for your product or service,Video
Poster Design Event A2,I will design an impactful poster for your event A2 format high resolution,Design
Angular Web Application,I will develop a web application using Angular TypeScript and Material Design,Development
Pinterest Marketing Strategy,I will create a Pinterest marketing strategy to drive traffic to your website,Marketing
Legal Document Translation,I will translate legal documents with accuracy and confidentiality guaranteed,Writing
Time-lapse Video Creation,I will create stunning time-lapse videos for construction or event projects,Video
Magazine Layout Design,I will design magazine layouts professional editorial design InDesign,Design
Flask Python API,I will develop a REST API using Flask Python lightweight and scalable,Development
Snapchat Ads Campaign,I will create and manage Snapchat advertising campaigns targeting young audience,Marketing
Grant Proposal Writing,I will write compelling grant proposals to secure funding for your project,Writing
Stop Motion Animation,I will create stop motion animation videos creative and unique style,Video
Icon Set Design Custom,I will design a custom icon set for your app or website consistent style,Design
Ruby on Rails Development,I will develop web application using Ruby on Rails framework rapid development,Development
YouTube SEO Optimization,I will optimize your YouTube channel and videos for maximum visibility and views,Marketing
Resume CV Writing Pro,I will write a professional resume CV that gets you interviews ATS optimized,Writing
Documentary Video Editing,I will edit documentary videos with storytelling pacing and color grading,Video
Book Cover Design,I will design an eye-catching book cover for your novel or eBook publication,Design
PHP Laravel E-commerce,I will build an e-commerce platform with Laravel PHP and secure payment integration,Development
Affiliate Marketing Setup,I will set up an affiliate marketing program to increase your sales,Marketing
Business Plan Writing,I will write a comprehensive business plan with financial projections,Writing
Wedding Video Cinematic,I will create a cinematic wedding video film style with storytelling,Video
Branding Package Complete,I will create a complete branding package logo business card letterhead,Design
